{"cameraMode":{"drawMode":0,"name":"Shaded","section":"Shading Mode"},"sceneLighting":true,"audioPlay":false,"sceneViewState":{"showFog":true,"showMaterialUpdate":true,"showSkybox":true,"showFlares":true,"showImageEffects":true,"showParticleSystems":true},"in2DMode":false,"pivot":{"x":0.5334756970405579,"y":6.933028221130371,"z":16.43815040588379},"rotation":{"x":-0.024860933423042299,"y":0.9749013781547546,"z":-0.14616772532463075,"w":-0.16624830663204194},"size":0.4330126941204071,"orthographic":false}